--
-- PostgreSQL database dump
--

-- Dumped from database version 9.5.4
-- Dumped by pg_dump version 9.5.4

SET statement_timeout = 0;
SET lock_timeout = 0;
SET client_encoding = 'UTF8';
SET standard_conforming_strings = on;
SET check_function_bodies = false;
SET client_min_messages = warning;
SET row_security = off;

--
-- Name: plpgsql; Type: EXTENSION; Schema: -; Owner: 
--

CREATE EXTENSION IF NOT EXISTS plpgsql WITH SCHEMA pg_catalog;


--
-- Name: EXTENSION plpgsql; Type: COMMENT; Schema: -; Owner: 
--

COMMENT ON EXTENSION plpgsql IS 'PL/pgSQL procedural language';


SET search_path = public, pg_catalog;

SET default_tablespace = '';

SET default_with_oids = false;

--
-- Name: dashboards; Type: TABLE; Schema: public; Owner: postgres
--

CREATE TABLE dashboards (
    id integer NOT NULL,
    created_at timestamp without time zone NOT NULL,
    updated_at timestamp without time zone NOT NULL
);


ALTER TABLE dashboards OWNER TO postgres;

--
-- Name: dashboards_id_seq; Type: SEQUENCE; Schema: public; Owner: postgres
--

CREATE SEQUENCE dashboards_id_seq
    START WITH 1
    INCREMENT BY 1
    NO MINVALUE
    NO MAXVALUE
    CACHE 1;


ALTER TABLE dashboards_id_seq OWNER TO postgres;

--
-- Name: dashboards_id_seq; Type: SEQUENCE OWNED BY; Schema: public; Owner: postgres
--

ALTER SEQUENCE dashboards_id_seq OWNED BY dashboards.id;


--
-- Name: features; Type: TABLE; Schema: public; Owner: postgres
--

CREATE TABLE features (
    id integer NOT NULL,
    name character varying,
    description text,
    icon character varying,
    created_at timestamp without time zone NOT NULL,
    updated_at timestamp without time zone NOT NULL,
    "position" integer,
    field_id integer,
    level integer
);


ALTER TABLE features OWNER TO postgres;

--
-- Name: features_id_seq; Type: SEQUENCE; Schema: public; Owner: postgres
--

CREATE SEQUENCE features_id_seq
    START WITH 1
    INCREMENT BY 1
    NO MINVALUE
    NO MAXVALUE
    CACHE 1;


ALTER TABLE features_id_seq OWNER TO postgres;

--
-- Name: features_id_seq; Type: SEQUENCE OWNED BY; Schema: public; Owner: postgres
--

ALTER SEQUENCE features_id_seq OWNED BY features.id;


--
-- Name: features_projects; Type: TABLE; Schema: public; Owner: postgres
--

CREATE TABLE features_projects (
    feature_id integer,
    project_id integer,
    status integer DEFAULT 2,
    commentaire character varying,
    date_demande timestamp without time zone,
    commentaire_prof text,
    id_demandeur integer,
    id_prof_valide integer,
    date_badge_valide timestamp without time zone
);


ALTER TABLE features_projects OWNER TO postgres;

--
-- Name: fields; Type: TABLE; Schema: public; Owner: postgres
--

CREATE TABLE fields (
    id integer NOT NULL,
    name character varying,
    color character varying,
    "position" integer,
    created_at timestamp without time zone NOT NULL,
    updated_at timestamp without time zone NOT NULL,
    icon character varying,
    parent_id integer
);


ALTER TABLE fields OWNER TO postgres;

--
-- Name: fields_id_seq; Type: SEQUENCE; Schema: public; Owner: postgres
--

CREATE SEQUENCE fields_id_seq
    START WITH 1
    INCREMENT BY 1
    NO MINVALUE
    NO MAXVALUE
    CACHE 1;


ALTER TABLE fields_id_seq OWNER TO postgres;

--
-- Name: fields_id_seq; Type: SEQUENCE OWNED BY; Schema: public; Owner: postgres
--

ALTER SEQUENCE fields_id_seq OWNED BY fields.id;


--
-- Name: groups; Type: TABLE; Schema: public; Owner: postgres
--

CREATE TABLE groups (
    id integer NOT NULL,
    name character varying
);


ALTER TABLE groups OWNER TO postgres;

--
-- Name: groups_id_seq; Type: SEQUENCE; Schema: public; Owner: postgres
--

CREATE SEQUENCE groups_id_seq
    START WITH 1
    INCREMENT BY 1
    NO MINVALUE
    NO MAXVALUE
    CACHE 1;


ALTER TABLE groups_id_seq OWNER TO postgres;

--
-- Name: groups_id_seq; Type: SEQUENCE OWNED BY; Schema: public; Owner: postgres
--

ALTER SEQUENCE groups_id_seq OWNED BY groups.id;


--
-- Name: projects; Type: TABLE; Schema: public; Owner: postgres
--

CREATE TABLE projects (
    id integer NOT NULL,
    name character varying,
    description text,
    created_at timestamp without time zone NOT NULL,
    updated_at timestamp without time zone NOT NULL,
    url character varying,
    github character varying,
    workshop_id integer,
    notes text,
    etat_project integer
);


ALTER TABLE projects OWNER TO postgres;

--
-- Name: projects_id_seq; Type: SEQUENCE; Schema: public; Owner: postgres
--

CREATE SEQUENCE projects_id_seq
    START WITH 1
    INCREMENT BY 1
    NO MINVALUE
    NO MAXVALUE
    CACHE 1;


ALTER TABLE projects_id_seq OWNER TO postgres;

--
-- Name: projects_id_seq; Type: SEQUENCE OWNED BY; Schema: public; Owner: postgres
--

ALTER SEQUENCE projects_id_seq OWNED BY projects.id;


--
-- Name: schema_migrations; Type: TABLE; Schema: public; Owner: postgres
--

CREATE TABLE schema_migrations (
    version character varying NOT NULL
);


ALTER TABLE schema_migrations OWNER TO postgres;

--
-- Name: users; Type: TABLE; Schema: public; Owner: postgres
--

CREATE TABLE users (
    id integer NOT NULL,
    first_name character varying,
    last_name character varying,
    created_at timestamp without time zone NOT NULL,
    updated_at timestamp without time zone NOT NULL,
    email character varying DEFAULT ''::character varying NOT NULL,
    encrypted_password character varying DEFAULT ''::character varying NOT NULL,
    reset_password_token character varying,
    reset_password_sent_at timestamp without time zone,
    remember_created_at timestamp without time zone,
    sign_in_count integer DEFAULT 0 NOT NULL,
    current_sign_in_at timestamp without time zone,
    last_sign_in_at timestamp without time zone,
    current_sign_in_ip inet,
    last_sign_in_ip inet,
    admin boolean DEFAULT false,
    diploma_year integer,
    profesor boolean DEFAULT false
);


ALTER TABLE users OWNER TO postgres;

--
-- Name: users_id_seq; Type: SEQUENCE; Schema: public; Owner: postgres
--

CREATE SEQUENCE users_id_seq
    START WITH 1
    INCREMENT BY 1
    NO MINVALUE
    NO MAXVALUE
    CACHE 1;


ALTER TABLE users_id_seq OWNER TO postgres;

--
-- Name: users_id_seq; Type: SEQUENCE OWNED BY; Schema: public; Owner: postgres
--

ALTER SEQUENCE users_id_seq OWNED BY users.id;


--
-- Name: users_projects; Type: TABLE; Schema: public; Owner: postgres
--

CREATE TABLE users_projects (
    user_id integer,
    project_id integer,
    group_id integer
);


ALTER TABLE users_projects OWNER TO postgres;

--
-- Name: workshops; Type: TABLE; Schema: public; Owner: postgres
--

CREATE TABLE workshops (
    id integer NOT NULL,
    name character varying NOT NULL,
    description text,
    url character varying,
    created_at timestamp without time zone NOT NULL,
    updated_at timestamp without time zone NOT NULL,
    "dateDebut" timestamp without time zone,
    "dateFin" timestamp without time zone
);


ALTER TABLE workshops OWNER TO postgres;

--
-- Name: workshops_id_seq; Type: SEQUENCE; Schema: public; Owner: postgres
--

CREATE SEQUENCE workshops_id_seq
    START WITH 1
    INCREMENT BY 1
    NO MINVALUE
    NO MAXVALUE
    CACHE 1;


ALTER TABLE workshops_id_seq OWNER TO postgres;

--
-- Name: workshops_id_seq; Type: SEQUENCE OWNED BY; Schema: public; Owner: postgres
--

ALTER SEQUENCE workshops_id_seq OWNED BY workshops.id;


--
-- Name: id; Type: DEFAULT; Schema: public; Owner: postgres
--

ALTER TABLE ONLY dashboards ALTER COLUMN id SET DEFAULT nextval('dashboards_id_seq'::regclass);


--
-- Name: id; Type: DEFAULT; Schema: public; Owner: postgres
--

ALTER TABLE ONLY features ALTER COLUMN id SET DEFAULT nextval('features_id_seq'::regclass);


--
-- Name: id; Type: DEFAULT; Schema: public; Owner: postgres
--

ALTER TABLE ONLY fields ALTER COLUMN id SET DEFAULT nextval('fields_id_seq'::regclass);


--
-- Name: id; Type: DEFAULT; Schema: public; Owner: postgres
--

ALTER TABLE ONLY groups ALTER COLUMN id SET DEFAULT nextval('groups_id_seq'::regclass);


--
-- Name: id; Type: DEFAULT; Schema: public; Owner: postgres
--

ALTER TABLE ONLY projects ALTER COLUMN id SET DEFAULT nextval('projects_id_seq'::regclass);


--
-- Name: id; Type: DEFAULT; Schema: public; Owner: postgres
--

ALTER TABLE ONLY users ALTER COLUMN id SET DEFAULT nextval('users_id_seq'::regclass);


--
-- Name: id; Type: DEFAULT; Schema: public; Owner: postgres
--

ALTER TABLE ONLY workshops ALTER COLUMN id SET DEFAULT nextval('workshops_id_seq'::regclass);


--
-- Data for Name: dashboards; Type: TABLE DATA; Schema: public; Owner: postgres
--

COPY dashboards (id, created_at, updated_at) FROM stdin;
\.


--
-- Name: dashboards_id_seq; Type: SEQUENCE SET; Schema: public; Owner: postgres
--

SELECT pg_catalog.setval('dashboards_id_seq', 1, false);


--
-- Data for Name: features; Type: TABLE DATA; Schema: public; Owner: postgres
--

COPY features (id, name, description, icon, created_at, updated_at, "position", field_id, level) FROM stdin;
1	Audit	Vous avez identifié les besoins et trouvé les solutions existantes (benchmark).	glyphicon-retweet	2016-09-22 21:02:57.032404	2016-09-22 21:02:57.032404	1	9	1
2	Analyse	Vous avez défini le contexte, les acteurs et leurs motivations.	glyphicon-retweet	2016-09-22 21:03:41.813119	2016-09-22 21:04:03.313253	1	9	2
3	Modélisation	Vous avez modélisé les flux entre les entités.	glyphicon-retweet	2016-09-22 21:05:05.602594	2016-09-22 21:05:05.602594	1	9	3
4	Idée de revenus	Sans être encore un business plan, vous avez des pistes de sources potentielles de revenus.	glyphicon-usd	2016-09-22 21:08:58.261848	2016-09-22 21:08:58.261848	2	10	1
5	Plan de charges	Vous avez estimé les coûts de lancement et de fonctionnement de votre projet.	glyphicon-usd	2016-09-22 21:10:14.698845	2016-09-22 21:10:14.698845	2	10	2
6	Business plan	Vous avez un plan sur plusieurs années des dépenses et revenus, avec différentes hypothèses.	glyphicon-usd	2016-09-22 21:11:09.835777	2016-09-22 21:11:09.835777	2	10	3
7	Premiers mots	Vous avez diffusé des textes.	glyphicon-align-left	2016-09-22 21:13:39.017257	2016-09-22 21:13:39.017257	3	12	1
8	Textes cohérents	Vos textes sont pertinents, correctement articulés.	glyphicon-align-left	2016-09-22 21:18:07.595672	2016-09-22 21:18:07.595672	4	12	2
9	Ton de voix	Votre mode d'expression est structuré dans un document qui liste les éléments de langage, les choses à faire et ne pas faire.	glyphicon-align-left	2016-09-22 21:19:02.040494	2016-09-22 21:19:02.040494	4	12	3
10	Univers	Vous avez un univers graphique de référence, matérialisé par des mood boards.	glyphicon-eye-open	2016-09-23 08:06:58.53719	2016-09-23 08:06:58.53719	1	16	1
11	Charte graphique	Vous avez formalisé vos codes graphiques (typos, couleurs, visuels, mises en page) dans un document de référence.	glyphicon-eye-open	2016-09-23 08:07:21.821488	2016-09-23 08:07:21.821488	1	16	3
12	Personae & scenarii	Vous avez défini des utilisateurs types (personae) et des besoins (scenarii).	glyphicon-user	2016-09-23 08:07:50.89916	2016-09-23 08:07:50.89916	2	17	1
13	Wireframes	Vous avez défini l'expérience utilisateur principale, sous la forme d'une maquette fonctionnelle.	glyphicon-user	2016-09-23 08:08:13.982241	2016-09-23 08:08:13.982241	2	17	2
14	Maquettes	Vous avez un design complet de votre expérience.	glyphicon-user	2016-09-23 08:08:33.870749	2016-09-23 08:08:33.870749	2	17	3
15	Valide W3C	Votre code html est valide !	glyphicon-ok	2016-09-23 20:51:14.31304	2016-09-23 20:51:14.31304	2	6	2
16	Logo	Vous avez un logo !	glyphicon-eye-open	2016-09-23 20:52:14.299204	2016-09-23 20:52:14.299204	1	16	2
17	Nom	Vous avez un nom !	glyphicon-font	2016-09-23 20:54:45.870797	2016-09-23 20:54:45.870797	3	11	1
18	Baseline	Vous avez une baseline.	glyphicon-font	2016-09-23 20:55:26.132113	2016-09-23 20:55:26.132113	3	11	2
19	Plateforme de marque	Vous avez des valeurs de marque, structurées en plateforme.	glyphicon-font	2016-09-23 20:55:43.468618	2016-09-23 20:55:43.468618	3	11	3
20	Pensée agile	Vous avez créé un backlog, et réparti les tâches pour l'itération en cours.	glyphicon-flash	2016-09-23 20:57:38.60976	2016-09-23 20:57:38.60976	5	13	1
21	Outils agiles	Vous avez mis en place un ou des outils pour structurer votre agilité.	glyphicon-flash	2016-09-23 20:58:04.77658	2016-09-23 20:58:04.77658	5	13	2
22	Présence	Vous existez en ligne !	glyphicon-thumbs-up	2016-09-23 20:59:50.040991	2016-09-23 20:59:50.040991	6	15	1
23	Stratégie	Vous avez un plan de communication, avec une activation pertinente et de multiples points de contact.	glyphicon-thumbs-up	2016-09-23 21:00:09.16322	2016-09-23 21:00:09.16322	6	15	2
24	Communauté	Vous avez constitué une communauté de plus de 1000 personnes.	glyphicon-thumbs-up	2016-09-23 21:00:29.316239	2016-09-23 21:00:29.316239	6	15	3
25	Utilité	Votre projet est pertinent, et adresse un besoin sociétal réel.	glyphicon-grain	2016-09-23 21:01:36.137767	2016-09-23 21:01:36.137767	7	14	1
26	Alternative	Votre projet est une réelle alternative aux fonctionnements en place.	glyphicon-grain	2016-09-23 21:01:56.706925	2016-09-23 21:01:56.706925	7	14	2
27	Trans-formation	Votre projet est devenu le standard du domaine, et vous avez changé les règles du jeu.	glyphicon-grain	2016-09-23 21:05:31.250753	2016-09-23 21:05:31.250753	7	14	3
28	Teasing	Vous avez créé un teasing présentant les points clés de votre projet.	glyphicon-facetime-video	2016-09-23 21:06:43.384911	2016-09-23 21:06:43.384911	3	18	1
29	Tutorial	Vous avez produit une démo vidéo de votre projet.	glyphicon-facetime-video	2016-09-23 21:07:01.908544	2016-09-23 21:07:01.908544	3	18	2
30	Advertising	Vous avez produit des contenus publicitaires assurant la communication de votre projet.	glyphicon-facetime-video	2016-09-23 21:08:37.210192	2016-09-23 21:08:37.210192	3	18	3
31	Stratégie de domaine	Vous avez un nom de domaine et une stratégie pour les différents éléments de votre écosystème.	glyphicon-cog	2016-09-23 21:10:07.282632	2016-09-23 21:10:07.282632	1	8	1
32	Infra-structure	Vous avez choisi des outils pertinents pour l'hébergement et les services nécessaires.	glyphicon-cog	2016-09-23 21:10:27.266061	2016-09-23 21:10:27.266061	1	8	2
33	Modélisation	Vous avez modélisé avec justesse et sagesse votre projet.	glyphicon-cog	2016-09-23 21:11:02.297631	2016-09-23 21:11:02.297631	1	8	3
36	En ligne	Vous avez un prototype en ligne.	 glyphicon-globe	2016-09-23 21:13:10.628501	2016-09-23 21:13:10.628501	3	5	1
37	Code de qualité	Votre code est sous surveillance, par exemple de Code Climate, et présente une haute qualité (sur Code Climate, supérieure à 3/4).	 glyphicon-globe	2016-09-23 21:16:12.445016	2016-09-23 21:16:12.445016	3	5	3
38	Fonctionnel	Le prototype fonctionne, au moins sur la fonctionnalité principale.	 glyphicon-globe	2016-09-23 21:16:51.112437	2016-09-23 21:16:51.112437	3	5	2
39	Inventaire	Vous avez listé les natures et sources de données, et repéré les APIs exploitables.	glyphicon-dashboard	2016-09-23 21:17:21.870875	2016-09-23 21:17:21.870875	4	7	1
40	API	Vous exploitez les APIs pertinentes avec efficacité.	glyphicon-dashboard	2016-09-23 21:17:52.275649	2016-09-23 21:17:52.275649	4	7	2
41	Open data	Vous exploitez des sources de données ouvertes.	glyphicon-dashboard	2016-09-23 21:18:15.067774	2016-09-23 21:18:15.067774	4	7	3
43	Plan de test	Vous avez défini la procédure de test de l'application et pris en compte sa relation aux données.	glyphicon-alert	2016-09-23 21:19:17.089663	2016-09-23 21:19:17.089663	5	4	1
44	Tests automatisés	Vous avez implémenté des tests automatisés.	glyphicon-alert	2016-09-23 21:19:40.373878	2016-09-23 21:19:40.373878	5	4	2
45	Couverture complète	Vous avez couvert plus de 80% du code en tests automatisés.	glyphicon-alert	2016-09-23 21:20:11.269277	2016-09-23 21:20:11.269277	5	4	3
42	Product owner	Vous avez un product owner qui anime la vie de votre produit.	glyphicon-dashboard	2016-09-23 21:18:43.852885	2016-09-23 21:31:00.850901	5	13	3
34	Responsive	Votre code html fonctionne sur les navigateurs récents, mobile et tablette.	glyphicon-cog	2016-09-23 21:11:34.064634	2016-09-23 21:35:37.832361	2	6	1
46	Sémantique	Votre code contient un balisage sémantique, sous forme de microformats, de rdfa, schema.org ou autre.	glyphicon-cog	2016-09-23 21:26:24.939828	2016-09-23 21:35:45.090041	2	6	3
\.


--
-- Name: features_id_seq; Type: SEQUENCE SET; Schema: public; Owner: postgres
--

SELECT pg_catalog.setval('features_id_seq', 46, true);


--
-- Data for Name: features_projects; Type: TABLE DATA; Schema: public; Owner: postgres
--

COPY features_projects (feature_id, project_id, status, commentaire, date_demande, commentaire_prof, id_demandeur, id_prof_valide, date_badge_valide) FROM stdin;
3	1	2	\N	\N	\N	\N	\N	\N
37	1	2	\N	\N	\N	\N	\N	\N
14	1	2	\N	\N	\N	\N	\N	\N
1	1	1	azrtyuiop	2016-11-21 15:50:08.456767		12	\N	\N
\.


--
-- Data for Name: fields; Type: TABLE DATA; Schema: public; Owner: postgres
--

COPY fields (id, name, color, "position", created_at, updated_at, icon, parent_id) FROM stdin;
1	Contenu	E5982E	1	2016-09-22 20:39:17.254448	2016-09-22 20:39:17.254448		\N
2	Design	3BB050	2	2016-09-22 20:39:36.194459	2016-09-22 20:39:36.194459		\N
3	Dev	4D62B0	3	2016-09-22 20:39:54.240516	2016-09-22 20:39:54.240516		\N
4	Dev test		5	2016-09-22 20:40:48.571464	2016-09-22 20:40:48.571464	glyphicon-alert	3
5	Dev back		4	2016-09-22 20:42:22.850254	2016-09-22 20:42:36.369668	glyphicon-globe	3
7	Data		3	2016-09-22 20:44:20.654244	2016-09-22 20:44:32.178664	glyphicon-dashboard	3
6	Dev front		2	2016-09-22 20:43:11.180096	2016-09-22 20:45:16.670703	glyphicon-ok	3
10	Entrepreuneuriat		2	2016-09-22 20:46:37.207052	2016-09-22 20:46:37.207052	glyphicon-usd	1
9	Systémique		1	2016-09-22 20:46:10.769677	2016-09-22 20:46:51.646928	glyphicon-retweet	1
11	Branding		3	2016-09-22 20:47:31.328262	2016-09-22 20:47:31.328262	glyphicon-font	1
12	Storytelling		4	2016-09-22 20:48:06.118243	2016-09-22 20:48:52.076216	glyphicon-align-left	1
13	Agilité		5	2016-09-22 20:49:12.944411	2016-09-22 20:49:12.944411	glyphicon-flash	1
14	Responsabilité		6	2016-09-22 20:49:38.10545	2016-09-22 20:49:38.10545	glyphicon-grain	1
15	Media		7	2016-09-22 20:50:45.81831	2016-09-22 20:50:45.81831	glyphicon-thumbs-up	1
16	Direction artistique		1	2016-09-22 20:54:08.896105	2016-09-22 20:54:08.896105	glyphicon-eye-open	2
17	UX		2	2016-09-22 20:54:20.662295	2016-09-22 20:54:20.662295	glyphicon-user	2
18	Vidéo		3	2016-09-22 20:54:39.302986	2016-09-22 20:54:39.302986	glyphicon-facetime-video	2
8	Architecture		1	2016-09-22 20:45:02.094846	2016-09-23 21:34:48.25932	glyphicon-cog	3
\.


--
-- Name: fields_id_seq; Type: SEQUENCE SET; Schema: public; Owner: postgres
--

SELECT pg_catalog.setval('fields_id_seq', 18, true);


--
-- Data for Name: groups; Type: TABLE DATA; Schema: public; Owner: postgres
--

COPY groups (id, name) FROM stdin;
\.


--
-- Name: groups_id_seq; Type: SEQUENCE SET; Schema: public; Owner: postgres
--

SELECT pg_catalog.setval('groups_id_seq', 1, false);


--
-- Data for Name: projects; Type: TABLE DATA; Schema: public; Owner: postgres
--

COPY projects (id, name, description, created_at, updated_at, url, github, workshop_id, notes, etat_project) FROM stdin;
1	1, 2, 3… visiteurs	Construisez le système de comptage du public du FacLab et ouvrez votre API. Demain, des objets connectés compteront les visiteurs !	2016-09-23 21:42:25.132565	2016-09-23 21:42:25.132565			1		\N
2	LPDW	Améliorez l'ergonomie et le code du back-office de la LP	2016-09-23 21:58:58.839816	2016-09-23 21:58:58.839816			1		\N
3	LPDW Workshop	Améliorez la plate-forme que voici ;)	2016-09-23 22:00:42.55574	2016-09-23 22:00:42.55574			1		\N
\.


--
-- Name: projects_id_seq; Type: SEQUENCE SET; Schema: public; Owner: postgres
--

SELECT pg_catalog.setval('projects_id_seq', 3, true);


--
-- Data for Name: schema_migrations; Type: TABLE DATA; Schema: public; Owner: postgres
--

COPY schema_migrations (version) FROM stdin;
20160103085526
20160103085707
20160103085729
20160103085904
20160104131229
20160104131947
20160104141842
20160105123618
20160105133820
20160113203034
20160114131620
20160115110051
20160118222736
20160118222744
20160126201500
20160209064325
20160314173158
20160316153255
20160317084203
20160320190559
20160320190652
20160623164257
20160929101403
20160929103054
20160929121135
20160929123408
20160929123942
20160929124939
20160929125804
20160929131024
20160929134124
20160929140437
20160930095006
20161018090242
20161020081242
20161020084009
20161020121158
20161101162730
20161101162757
\.


--
-- Data for Name: users; Type: TABLE DATA; Schema: public; Owner: postgres
--

COPY users (id, first_name, last_name, created_at, updated_at, email, encrypted_password, reset_password_token, reset_password_sent_at, remember_created_at, sign_in_count, current_sign_in_at, last_sign_in_at, current_sign_in_ip, last_sign_in_ip, admin, diploma_year, profesor) FROM stdin;
17	\N	\N	2016-10-19 09:51:33.235435	2016-11-21 13:48:45.444808	admin@admin.com	$2a$10$0Gkd5ILFqxNFmYZ1xAHw9Oz.qEQXNsVKKJ8ex/tJ4orlEeRKcBJdC	\N	\N	\N	7	2016-11-21 13:48:45.439474	2016-10-24 17:30:43.042246	::1	::1	t	\N	t
12	\N	\N	2016-10-19 08:02:20.462074	2016-11-21 15:48:57.000554	test@test.com	$2a$10$b4f3qs.QcVfbzrp.RkweiuN5XAPf.L9opPxVBixeWOXUDbEPY5N16	b6101a6a987d38bc9cb7925dbed9c551538439491350d726bda49820759f9051	2016-10-19 12:14:37.463086	\N	5	2016-11-21 15:48:56.996781	2016-11-21 13:05:43.816529	::1	::1	f	\N	f
20	miguel	crapo	2016-10-19 11:31:46.93933	2016-10-19 11:31:46.950179	miguelcrapo@test.com	$2a$10$PC.3WFBiHpWXQmhdmyUXB.CxvDDTJx2PztBqP21JCxEWWGTLgfoQe	\N	\N	\N	1	2016-10-19 11:31:46.948415	2016-10-19 11:31:46.948415	::1	::1	f	\N	f
\.


--
-- Name: users_id_seq; Type: SEQUENCE SET; Schema: public; Owner: postgres
--

SELECT pg_catalog.setval('users_id_seq', 20, true);


--
-- Data for Name: users_projects; Type: TABLE DATA; Schema: public; Owner: postgres
--

COPY users_projects (user_id, project_id, group_id) FROM stdin;
17	1	\N
12	1	\N
20	2	\N
\.


--
-- Data for Name: workshops; Type: TABLE DATA; Schema: public; Owner: postgres
--

COPY workshops (id, name, description, url, created_at, updated_at, "dateDebut", "dateFin") FROM stdin;
1	Projet 0			2016-09-23 21:41:59.053226	2016-09-23 21:41:59.053226	2016-09-20 21:41:59.053226	2016-11-23 21:41:59.053226
\.


--
-- Name: workshops_id_seq; Type: SEQUENCE SET; Schema: public; Owner: postgres
--

SELECT pg_catalog.setval('workshops_id_seq', 1, true);


--
-- Name: dashboards_pkey; Type: CONSTRAINT; Schema: public; Owner: postgres
--

ALTER TABLE ONLY dashboards
    ADD CONSTRAINT dashboards_pkey PRIMARY KEY (id);


--
-- Name: features_pkey; Type: CONSTRAINT; Schema: public; Owner: postgres
--

ALTER TABLE ONLY features
    ADD CONSTRAINT features_pkey PRIMARY KEY (id);


--
-- Name: fields_pkey; Type: CONSTRAINT; Schema: public; Owner: postgres
--

ALTER TABLE ONLY fields
    ADD CONSTRAINT fields_pkey PRIMARY KEY (id);


--
-- Name: groups_pkey; Type: CONSTRAINT; Schema: public; Owner: postgres
--

ALTER TABLE ONLY groups
    ADD CONSTRAINT groups_pkey PRIMARY KEY (id);


--
-- Name: projects_pkey; Type: CONSTRAINT; Schema: public; Owner: postgres
--

ALTER TABLE ONLY projects
    ADD CONSTRAINT projects_pkey PRIMARY KEY (id);


--
-- Name: users_pkey; Type: CONSTRAINT; Schema: public; Owner: postgres
--

ALTER TABLE ONLY users
    ADD CONSTRAINT users_pkey PRIMARY KEY (id);


--
-- Name: workshops_pkey; Type: CONSTRAINT; Schema: public; Owner: postgres
--

ALTER TABLE ONLY workshops
    ADD CONSTRAINT workshops_pkey PRIMARY KEY (id);


--
-- Name: index_features_projects_on_feature_id; Type: INDEX; Schema: public; Owner: postgres
--

CREATE INDEX index_features_projects_on_feature_id ON features_projects USING btree (feature_id);


--
-- Name: index_features_projects_on_feature_id_and_project_id; Type: INDEX; Schema: public; Owner: postgres
--

CREATE INDEX index_features_projects_on_feature_id_and_project_id ON features_projects USING btree (feature_id, project_id);


--
-- Name: index_features_projects_on_project_id; Type: INDEX; Schema: public; Owner: postgres
--

CREATE INDEX index_features_projects_on_project_id ON features_projects USING btree (project_id);


--
-- Name: index_users_on_email; Type: INDEX; Schema: public; Owner: postgres
--

CREATE UNIQUE INDEX index_users_on_email ON users USING btree (email);


--
-- Name: index_users_on_reset_password_token; Type: INDEX; Schema: public; Owner: postgres
--

CREATE UNIQUE INDEX index_users_on_reset_password_token ON users USING btree (reset_password_token);


--
-- Name: index_users_projects_on_group_id; Type: INDEX; Schema: public; Owner: postgres
--

CREATE INDEX index_users_projects_on_group_id ON users_projects USING btree (group_id);


--
-- Name: index_users_projects_on_project_id; Type: INDEX; Schema: public; Owner: postgres
--

CREATE INDEX index_users_projects_on_project_id ON users_projects USING btree (project_id);


--
-- Name: index_users_projects_on_user_id; Type: INDEX; Schema: public; Owner: postgres
--

CREATE INDEX index_users_projects_on_user_id ON users_projects USING btree (user_id);


--
-- Name: index_users_projects_on_user_id_and_project_id; Type: INDEX; Schema: public; Owner: postgres
--

CREATE INDEX index_users_projects_on_user_id_and_project_id ON users_projects USING btree (user_id, project_id);


--
-- Name: unique_schema_migrations; Type: INDEX; Schema: public; Owner: postgres
--

CREATE UNIQUE INDEX unique_schema_migrations ON schema_migrations USING btree (version);


--
-- Name: fk_rails_074d77a458; Type: FK CONSTRAINT; Schema: public; Owner: postgres
--

ALTER TABLE ONLY users_projects
    ADD CONSTRAINT fk_rails_074d77a458 FOREIGN KEY (group_id) REFERENCES groups(id);


--
-- Name: public; Type: ACL; Schema: -; Owner: Charlie
--

REVOKE ALL ON SCHEMA public FROM PUBLIC;
REVOKE ALL ON SCHEMA public FROM "Charlie";
GRANT ALL ON SCHEMA public TO "Charlie";
GRANT ALL ON SCHEMA public TO PUBLIC;


--
-- PostgreSQL database dump complete
--

